Key,search,Results
hearts,37893,85.97147751
christmas,24402,191.2283204
heart,15517,116.1837525
thanksgiving,12588,112.2467344
aesthetic,10646,401.5769346
love,7445,124.980636
pink,7784,208.4813178
tumblr,6971,243.6625801
crown,6515,138.1943847
yellow,6811,173.1646069
flowers,6128,145.9965816
flower,6199,143.617341
stars,5450,109.3099085
blue,5759,189.5307851
black,5671,168.2473253
red,5259,190.5308188
sad,4164,214.9395645
emoji,3789,351.0855329
purple,4015,201.0421149
smoke,3436,108.4792667
rose,3218,154.0210135
glitter,3194,112.8745022
supreme,3229,77.74408168
rainbow,3200,71.7534944
kawaii,3128,273.6570039
bts,3158,238.4589117
snow,3085,107.6192001
star,2960,105.6563993
circle,2759,129.7678299
birthday,2850,142.595619
sparkle,2613,103.0853024
tattoo,2629,238.6203098
overlay,2501,390.5196153
cute,2539,139.0688147
white,2645,143.4617188
blood,2417,129.959807
free,2362,184.9934298
turkey,2285,59.45000397
fire,2266,84.23767612
quotes,2199,181.4100081
santa,2471,62.66678002
roses,2089,110.3240937
pastel,2240,213.2064028
pixel,2221,376.8206634
icon,2145,167.2343672
money,2095,82.74022588
wings,2036,102.5043465
galaxy,2055,131.0748452
eyes,1997,111.6314184
baby,2153,165.7740634
green,2219,161.5412266
butterfly,1961,121.5525531
trippy,1991,133.2476291
glasses,1921,109.506575
hair,1968,125.8063259
fall,1981,100.8730776
sparkles,1875,110.8152966
arrow,1872,91.15353269
overlays,1820,175.9631868
orange,2072,146.2570696
snapchat,2030,112.0494504
moon,1825,81.95216376
gucci,1926,68.93488993
space,1803,131.3065974
lips,1668,114.9706235
eye,1673,107.3882284
blush,1594,65.69850949
hat,1584,192.633072
daddy,1563,126.3698676
emojis,1538,153.208397
grunge,1533,199.788766
meme,1479,165.5835024
anime,1741,357.4022533
neon,1639,226.6540452
vaporwave,1499,204.2034347
weed,1401,123.8210228
makeup,1406,219.8138024
gold,1615,199.9685433
tree,1359,137.2938822
leaves,1257,89.37231504
family,1311,127.8131701
clouds,1193,87.07460184
line,1224,105.8024018
angel,1271,141.5761
unicorn,1224,113.1551539
winter,1200,124.803628
words,1161,215.3126615
cat,1229,173.2130047
quote,1134,200.8977072
background,1155,161.6152608
music,1172,122.7405101
sun,1163,87.84744589
gun,1136,99.02582117
birds,1095,80.27853881
cloud,1060,70.78207547
border,1082,191.1374405
queen,1145,116.3023663
halo,1030,42.31165049
lights,1099,175.9327566
x,1003,60.63609172
glitch,1011,128.9178571
lines,975,88.04410256
snowflake,990,70.26872152
navidad,952,193.762605
thanks,984,71.27882252
lit,921,87.61346363
water,978,129.1373688
jimin,949,162.460894
thankful,974,69.53676906
slime,894,89.18008949
alien,938,146.2422098
princess,873,170.8923253
peach,945,88.55287381
frame,894,304.3275691
clout,916,27.76103212
kiss,828,90.85024155
dog,877,115.5374709
tears,825,84.73939394
devil,942,100.9822443
light,833,90.48911994
bape,848,68.2283964
gang,841,75.66937693
mask,782,161.0792839
food,778,142.8007712
broken,962,108.4117514
lean,791,49.37032691
girl,799,126.8807932
disney,797,395.5050847
text,797,179.4044958
jungkook,780,155.2706433
bow,727,126.4552957
instagram,819,138.5279869
square,713,102.227209
freckles,705,17.03687943
planets,733,83.69576944
cool,725,209.8477936
90s,731,147.5857467
lightning,682,55.82844575
tattoos,675,99.52444444
hea,673,15.51263001
dark,727,126.4003015
ddlg,669,107.2825112
piercing,703,61.01517991
sunglasses,667,97.34032984
butterflies,663,89.51282051
happy,894,105.2649065
smile,650,100.7046154
eyelashes,642,40.93302181
gay,641,90.30421217
snowflakes,641,44.89703588
icons,639,148.1001565
sunflower,616,62.24675325
wig,610,115.8622951
friends,610,92.81803279
tear,647,50.92437376
vhs,630,24.35221562
naruto,675,180.0018902
aes,596,67.84563758
nike,641,79.89927293
snap,594,72.96969697
cherry,616,69.40368151
memes,582,136.2079038
youtube,625,52.39087302
suga,624,178.4591415
bff,571,97.32049037
filter,568,97.04049296
paint,653,123.2956192
king,594,67.70231729
iphone,709,128.8644902
bird,555,113.5351351
leaf,549,81.32786885
necklace,546,117.970696
cross,541,99.25138632
skull,577,137.2101304
edit,539,232.0723562
mouth,538,94.10966543
s,537,52.65363128
camera,562,114.6847744
shirt,531,119.7890772
rain,566,106.686558
simpsons,529,106.7618147
tatto,526,85.84410646
dress,517,132.1624758
goth,516,149.6686047
hand,562,153.9892378
planet,515,89.58058252
parental,681,19.72678786
balloons,511,101.890411
highlight,509,35.978389
finn,630,49.53453465
diamond,547,98.80634383
crybaby,499,181.1903808
lps,583,167.3117127
beard,492,67.30284553
phone,518,125.4820887
babygirl,481,80.96673597
spongebob,478,107.3138075
face,476,104.0903361
holiday,476,89.71848739
sky,468,94.25213675
party,511,166.0175489
fish,460,108.6173913
pokemon,499,263.238155
a,460,67.91304348
wing,445,93.65393258
banner,444,142.472973
candy,472,139.6843137
it,471,76.49340423
c,437,53.08466819
plants,436,115.662844
depression,469,87.18800389
bubbles,429,78.49417249
message,426,142.9037559
bubble,456,160.9569639
1,459,84.40277778
mermaid,422,214.1611374
eyebrows,421,40
sexy,417,18.71223022
glow,415,86.53012048
horns,413,63.15496368
mandala,412,83.09951456
polaroid,411,71.76885645
ariana,534,104.5700433
eyebrow,409,45.14180929
xmas,409,100.6625917
beach,408,139.0612745
ears,401,102.3291771
kpop,400,128.1175
vapor,399,83.38345865
younique,437,71.7064167
shine,398,86.00502513
crowns,397,54.08312343
riverdale,392,94.25510204
bad,483,114.3517465
chain,389,78.37017995
guns,388,67.37113402
dead,418,110.0483303
clothes,379,168.994723
taehyung,431,210.8502892
lgbt,378,108.3227513
wolf,375,151.0346667
art,374,145.4625668
football,371,89.38005391
adidas,370,76.37837838
l,369,89.41192412
diamonds,364,110.0054945
elf,412,45.93818681
texts,363,85.36639118
knife,363,69.2892562
depressed,362,74.55801105
stranger,528,34.71448779
b,362,53.17679558
tiara,361,74.82271468
dank,357,84.94117647
holo,356,75.80337079
swirl,354,78.7740113
hands,353,121.0424929
h,353,60.33144476
headband,349,88.5530086
car,349,98.30372493
peace,385,168.994843
demon,347,126.1268012
lashes,345,50.31014493
fairy,343,198.2215743
trees,342,105.9707602
80s,339,67.89085546
jin,338,200.3313609
grey,385,109.8916296
deer,336,115.8422619
drake,336,89.36904762
autumn,336,120.7083333
coffee,335,148.6447761
jhope,335,181.6
balloon,332,125.8012048
savage,332,88.11445783
ring,331,100.7190332
drugs,330,60.46060606
cry,330,133.8727273
scary,361,153.0876862
confetti,323,61.3374613
sup,322,23.99689441
drip,321,89.2834891
pizza,321,64.24299065
hot,319,165.5862069
eyeliner,319,47.37304075
eleven,318,61.6572327
reindeer,376,52.44236608
vintage,317,109.4921136
bunny,345,109.7039244
messages,314,65.13375796
imvu,353,228.9467173
sleep,312,97.2724359
magic,312,125.6346154
like,343,71.14707403
loren,311,58.53697749
funny,310,96.46451613
cake,309,100.7313916
vans,309,62.72491909
tatoo,308,79.30194805
death,307,103.1465798
grass,307,89.85016287
mustache,306,57.70588235
3d,355,123.1139456
lip,303,74.24752475
dragon,302,117.0264901
starbucks,302,54.97350993
flames,301,59.13953488
subscribe,301,50.63787375
brown,356,107.7789286
blessed,300,51.79
m,299,76.11036789
p,299,89.85953177
basketball,329,72.11203724
babe,295,84.58305085
present,293,48.91808874
pattern,293,336.3993174
i,342,74.44653325
exo,290,182.4724138
choker,289,48.04152249
scarf,286,99.42307692
thrasher,285,37.13333333
thank,285,63.18245614
flame,282,74.53900709
presents,281,41.17793594
arrows,281,61.02846975
roblox,310,131.4946429
hats,279,70.3297491
city,277,56.08303249
sale,276,84.36956522
e,275,56.73454545
weird,275,113.1018182
head,311,82.42924242
satan,275,95.42181818
cats,274,128.459854
2,273,69.24908425
msp,309,179.4783272
ocean,273,76.6996337
wedding,313,183.2804487
t,272,62.36764706
grid,271,66.30627306
soccer,270,139.7962963
bart,332,84.34456392
teeth,270,85.78888889
shoes,270,108.1814815
no,269,72.75464684
ghost,268,91.99253731
outline,267,115.6853933
holidays,267,77.46816479
speech,351,76.3926565
doodle,267,125.7228464
fog,267,41.81273408
cnco,266,170.1390977
ornament,265,70.54339623
box,264,62.10984848
watercolor,263,238.756654
snake,263,79.22813688
xxxtentacion,262,73.77480916
f,261,59.89655172
dope,260,112.3769231
plant,260,94.52692308
puppy,259,77.84555985
triangle,258,96.37984496
shapes,257,105.2373541
flash,257,77.91439689
420,256,82.80859375
shadow,254,134.7952756
rectangle,254,20.92913386
hear,254,38.39370079
nose,285,72.20516891
fruit,254,93.63779528
shopping,253,90.60079051
twitter,252,40.03968254
rip,252,73.55555556
hippie,251,85.47808765
bae,251,89.56175299
ribbon,251,126.8247012
mom,287,102.4607568
people,250,150.36
lipstick,250,101.164
imessage,249,78.23293173
ice,249,83.45783133
best,320,53.3832796
blur,248,88.26209677
eyeshadow,247,88.17813765
nature,247,161.5303644
edgy,246,41.24390244
wow,245,73.72653061
graffiti,244,162.9672131
tape,243,101.8888889
merry,365,84.28013897
color,243,103.308642
girls,282,441.9409623
snowman,243,60.74074074
eyelash,242,64.52066116
bear,241,153.1784232
beautiful,241,83.37759336
minecraft,240,82.04166667
dogs,238,116.9033613
mickey,301,159.8036881
cutie,238,66.28151261
ari,238,74.74369748
beer,237,72.32489451
animals,236,285.4491525
paper,236,142.9830508
dolan,321,98.03901534
mlg,235,52.74468085
rock,270,310.6517094
pretty,234,92.6965812
yoongi,234,120.3290598
evil,234,95.34615385
namjoon,234,134.6666667
drawing,268,159.3869194
aesthe,231,65.18181818
crazy,231,87.5021645
r,230,50.19565217
bee,229,78.24017467
computer,228,117.5921053
cactus,228,94.36842105
floral,228,101.122807
amor,227,170.6035242
earring,227,68.39207048
png,256,178.5213864
jesus,226,102.9955752
lion,226,128.2920354
strawberry,226,57.11061947
couple,226,166.1637168
design,225,183.52
sunset,225,68.34222222
wine,225,73.45777778
thanksgiv,224,64.75446429
cartoon,223,224.6950673
patch,223,130.2421525
panda,222,109.2882883
dream,219,97.03196347
censored,219,49.57990868
jordan,249,68.00388128
batman,219,152.2922374
fu,219,65.15981735
flowercrown,217,69.33640553
school,216,116.8703704
hamilton,216,99.85185185
omg,215,77.06046512
blunt,215,30.04186047
feather,214,191.0046729
v,214,110.7943925
aliens,214,129.8925234
666,213,56.77464789
crystal,213,128.9342723
bt21,211,97.65876777
time,210,61.8
pumpkin,210,77.21428571
episode,256,138.6625259
dance,210,122.7333333
melanie,265,115.8363636
antlers,209,27.93301435
kermit,208,46.96153846
word,207,177.5362319
gray,207,108.9275362
pepe,206,77.30582524
em,206,51.76213592
chanyeol,206,134.7135922
gift,205,67.30243902
flare,205,69.32195122
goku,204,95.02941176
blackpink,204,123.1617647
sister,204,70.62745098
japanese,204,167.5392157
statue,204,177.3823529
girly,257,267.8466065
beauty,203,119.8571429
hate,203,81.408867
petals,203,57.02463054
god,202,94.05940594
d,202,50.13366337
kisses,202,74.27722772
tag,200,139.72
horse,199,93.17085427
crying,199,94.35175879
energy,199,500
overwatch,198,167.8232323
fly,197,173.8426396
boy,197,82.28426396
japan,196,274.5714286
facebook,196,67.85204082
pineapple,196,64.78571429
wreath,195,78.56923077
n,195,45.8974359
book,194,85.40721649
korean,193,131
bestfriend,193,73.70984456
hipster,192,198.9895833
patches,191,67.4921466
creepy,191,177.2617801
joker,190,98.52105263
trap,190,104.3368421
tv,190,59.92631579
pills,190,55.08947368
mario,189,102.0687831
g,189,60.75132275
k,188,65.55851064
backgrounds,188,126.5106383
corazones,188,118.1968085
3,188,73.01595745
pusheen,188,101.0531915
donut,188,113.2446809
retro,188,80.94680851
explosion,188,55.77659574
frames,188,133.0478723
millie,187,51.36363636
wigs,187,59.22459893
night,186,92.72043011
splash,185,78.12972973
ugly,184,53.24456522
sayings,184,308.5
heartbreak,183,50.20218579
silver,216,111.3540724
alissa,182,33.58241758
thunder,181,51.91160221
insta,181,52.97790055
pfp,181,68.83977901
chicken,181,91.33701657
hentai,180,76.48333333
nails,180,108.7777778
tumbl,180,34.71111111
flowe,180,34.55555556
abs,180,47.28888889
photo,179,132.9776536
forever,210,127.8478104
edits,178,107.1966292
lol,178,52.98314607
numbers,177,82.52542373
fox,177,163.7062147
elephant,213,393.5120056
lv,177,35.47457627
tiger,175,87.90285714
kitten,175,179.9257143
boyfriend,174,80.94252874
honey,174,53.95977011
barbie,174,90.40804598
waves,173,55.56647399
simpson,173,71.3699422
bracelet,173,130.4393064
skirt,172,93.87790698
friend,171,103.625731
spark,171,33.84210526
mine,170,79.86470588
sisters,170,64.28235294
sword,170,89.60588235
cig,170,12.21764706
lyrics,169,79.73964497
letters,169,151.3076923
cigar,168,40.9047619
halloween,168,190.5714286
lil,329,63.10261387
aesth,168,37.80357143
trump,167,89.52694611
nba,202,90.13079555
holographic,167,122.1497006
shark,166,93.74698795
forest,166,82.1686747
dad,166,80.80120482
strangerthings,166,112.4578313
aphmau,165,165.8060606
rick,203,72.56523126
heartbroken,165,45.49090909
effects,164,173.9207317
ornaments,164,69.29878049
laser,164,38.05487805
slay,164,50.29878049
sanrio,163,192.6871166
spiderman,162,85.65432099
o,162,58.75925926
teal,162,65.28395062
tongue,162,84.22839506
j,161,70.18012422
bye,161,50.31677019
dots,161,62.41614907
fireworks,160,64.18125
you,215,158.8767045
glass,160,163.5125
vampire,159,108.7232704
vibes,159,74.70440252
static,159,30.27044025
headphones,159,79.88050314
sunflowers,159,41.49056604
hurt,159,69.83647799
scar,158,37.21518987
logo,157,207.433121
feathers,157,187.7197452
photobooth,157,45.36942675
fun,156,135.3397436
universe,156,146.2307692
jewelry,156,329.3910256
shades,156,44.27564103
bandana,155,38.83870968
sweater,155,84.77419355
seventeen,154,178.538961
corona,153,272.3267974
pants,153,78.29411765
flores,152,313.25
milk,152,57.69078947
banana,152,49.19078947
life,152,101.7565789
asthetic,151,50.26490066
person,151,89.22516556
crack,151,40.95364238
comic,150,98.67333333
mouse,149,59.72483221
wwe,197,298.4189038
cash,149,76.2885906
fuc,148,23.16891892
monkey,148,88.16216216
ufo,147,108.4421769
circles,147,60.21768707
cherries,147,49.02721088
mirror,147,95.31292517
xan,147,11.05442177
daughter,146,74.49315068
daisy,146,56.21232877
transparent,146,197.0068493
blu,145,30.68275862
ballons,145,59.45517241
mood,145,113.3655172
lighting,145,46.07586207
bebe,145,163.7241379
2017,145,96.27586207
horn,145,81.22758621
xanax,144,21.74305556
body,144,197.3194444
pie,144,58.90277778
table,144,62.01388889
hoodie,143,75.4965035
maroon,175,17.48356808
boat,142,81.1971831
trash,142,70.34507042
annie,172,67.73907573
poo,141,50.75177305
witch,141,127.5460993
braces,140,22.54285714
stitch,140,121.0285714
laugh,140,48.64285714
tumb,140,22.19285714
flo,139,32.74100719
sweet,139,98.21582734
herbalife,139,50.51079137
cupcake,139,110.4604317
voltron,139,141.7985612
vine,139,79.23741007
chanel,139,82.05035971
owl,138,116.1086957
markiplier,138,107.3115942
chocolate,138,119.5797101
dab,138,75.2173913
rap,138,86.73188406
books,137,76.38686131
earth,136,41.71323529
pixels,135,130.5037037
cap,134,149.0522388
chibi,134,203.7089552
guitar,134,54.56716418
scribble,133,121.0601504
chinese,177,134.6061176
ball,133,171.0150376
tat,133,30.42105263
monster,133,142.481203
duck,132,49.82575758
punk,132,100.6515152
manga,132,239.5
skeleton,132,149.2954545
bangs,132,17.25
draw,131,136.8854962
tumbler,131,123.1526718
twinkle,131,37.47328244
4,131,81.21374046
error,130,66.7
candle,130,117.2923077
castle,130,163.1461538
sticker,130,236.8230769
loser,129,62.23255814
fashion,129,251.6976744
woman,129,399.1705426
yeezy,128,33.7421875
animal,128,95.421875
boys,128,86.46875
filters,128,55.8515625
apple,128,56.890625
w,128,65.8515625
jacket,127,81.32283465
100,127,45.5984252
man,127,204.3307087
paw,127,78.26771654
arm,127,59.04724409
jeans,127,59.62992126
drug,126,78.8968254
chill,126,61.1984127
army,126,122.0634921
5,126,76.9047619
gore,126,197.6031746
minnie,126,132.6666667
dust,126,70.45238095
what,126,62.17460317
lace,125,69.264
sakura,125,118.712
november,125,57.712
heaven,125,89.192
globos,125,136.424
blackbear,125,47.608
power,124,95.01612903
question,154,55.08494624
pencil,124,63.92741935
kitty,124,127.6532258
rosas,169,364.1438172
drink,124,76.40322581
got7,124,133.2580645
pride,124,119.983871
bed,124,62.51612903
christma,124,92.77419355
facetime,124,27.01612903
texting,123,63.33333333
tags,123,71.04065041
pregnant,123,57.49593496
y,123,45.10569106
rihanna,123,81.3902439
fangs,123,35
gym,122,89.68032787
mad,122,57.39344262
skulls,122,103.5
world,121,80
house,121,59.89256198
chri,121,21.91735537
spooky,121,103.9917355
window,121,121.8181818
date,121,56.46280992
superman,120,71.81666667
sick,120,69.30833333
boots,120,78.25833333
bling,120,73.06666667
dolphin,119,49.42857143
die,119,88.38655462
ugh,118,57.83050847
wave,118,57.54237288
zzz,118,46.25423729
relationship,118,115.0677966
dinosaur,118,140.4745763
wallpaper,118,96.68644068
sassy,118,72.89830508
effect,118,238.1440678
tea,118,87.37288136
crystals,117,52.48717949
xoxo,117,73.67521368
5sos,117,123.7606838
kill,117,64.29059829
pennywise,117,49.1025641
sorry,117,52.58119658
patrick,117,80.76068376
baseball,117,69.62393162
trolls,117,73.98290598
wtf,117,66.75213675
dove,116,75.25
whale,116,64.60344828
censor,115,13.56521739
grayson,151,53.02041063
golden,115,109.2086957
mistletoe,115,9.843478261
grill,114,24.19298246
alone,114,90.86842105
corazon,114,125.6315789
doodles,114,50.31578947
horror,113,221.6814159
sign,113,194.3362832
qoutes,113,50.30973451
cheeks,113,22.69911504
wifi,113,69.21238938
butterflys,112,69.54464286
baddie,112,35.13392857
sub,112,31.91964286
thought,147,38.14642857
america,112,80.16071429
gifts,112,33.33035714
bruise,112,15.08035714
clock,111,100.5315315
paris,111,124.5675676
pig,111,78.63963964
goals,111,80.86486486
supernatural,111,128.5045045
stop,111,72.81081081
check,110,49.20909091
fnaf,110,257.9909091
suit,110,183.1363636
collar,110,83.82727273
indian,110,59.97272727
ok,109,53.39449541
bullet,109,103.9266055
pain,109,96.59633028
arimoji,109,106.266055
thanksg,109,27.85321101
hi,109,71.36697248
leafs,109,61.58715596
sea,109,120.8256881
mike,109,38.58715596
beanie,109,29.33944954
yay,109,72.09174312
rad,108,49.17592593
supr,108,16.93518519
cut,108,91.59259259
ballon,108,89.66666667
cheer,108,47.86111111
movie,108,147.3333333
zombie,108,111.1574074
feelings,107,79.87850467
musically,107,54.46728972
sunshine,107,65.3271028
monday,107,65.26168224
glare,107,52.21495327
wind,107,67.02803738
holly,106,43.80188679
twice,106,134.2264151
mint,141,61.75175202
ew,106,55.39622642
unicorns,106,77.21698113
6,106,67.16037736
mountain,106,78.79245283
joint,106,43.13207547
sonic,106,105.754717
besties,106,61.63207547
aesthetics,106,75.29245283
hawaii,105,68.16190476
hoseok,105,159.7619048
kenzie,105,52.8952381
dot,105,84.38095238
gorillaz,105,130.9333333
usa,105,70.25714286
smoking,105,87.81904762
random,105,147.3619048
cars,105,117.6285714
summer,105,83.51428571
watermelon,105,55.72380952
bright,104,142.6057692
flag,104,84.66346154
inst,104,15.06730769
police,104,122.1057692
skate,104,84.22115385
lemon,104,81.15384615
kylie,103,83.7184466
thinking,103,55.44660194
hart,103,76.18446602
shrek,103,38.24271845
xo,103,38.17475728
mexico,103,105.4466019
vines,103,25.44660194
brother,103,55.47572816
90,102,44.57843137
gta,102,82.98039216
airplane,102,62.25490196
lonely,102,69.15686275
thug,102,63.37254902
pin,101,88.00990099
ily,101,54.84158416
grateful,101,35.33663366
cuphead,101,68.75247525
netflix,101,56.85148515
hickey,101,4.97029703
rm,101,89.81188119
mountains,101,61.75247525
bottle,101,116.3564356
baekhyun,100,261.59
shape,100,95.45
vape,100,48.35
anniversary,100,107.44
thanksgi,100,25
tired,100,62.49
grime,100,84.39
cigarette,99,49.38383838
lesbian,99,60.71717172
hannie,99,54.60606061
brain,99,68.60606061
tae,99,109.5353535
texture,99,241.6262626
jewel,99,66.74747475
11,99,58.84848485
dustin,99,22.12121212
spiral,99,93.48484848
angry,98,75.34693878
wdw,98,57.8877551
mic,98,23.87755102
selena,138,122.4168367
me,98,66.8877551
phan,97,94.8556701
bikini,97,71.91752577
nail,97,72.71134021
ldshadowlady,97,52.82474227
spider,97,91.63917526
hypebeast,97,36.08247423
badass,96,52.67708333
swag,96,149.1875
microphone,96,76.88541667
pikachu,96,77.52083333
stickers,96,111.7604167
branch,95,292.8736842
cumpleaños,95,188.6421053
backround,95,42.47368421
angels,95,78.05263158
colors,95,130.4842105
fitness,95,86.24210526
hole,95,95.74736842
hype,95,37.47368421
building,95,96.93684211
laurdiy,95,46.03157895
chair,94,77.41489362
stripes,94,60.72340426
storm,94,71.74468085
plane,94,63.30851064
celebrate,94,80.12765957
aesthet,93,62.3655914
scratch,93,19.25806452
garden,93,89.62365591
peep,93,37.70967742
goat,93,69.15053763
ethan,125,56.38625672
90’s,93,99.02150538
wee,92,44.73913043
u,92,48.15217391
8bit,92,100.9565217
barcode,92,37.44565217
smiley,91,94.83516484
dino,91,57.01098901
egg,91,55.54945055
whiskers,90,19.18888889
bush,90,46.71111111
bi,90,49.94444444
violet,90,105.6555556
harley,123,84.41363636
blanket,90,47.71111111
film,90,80.15555556
lover,90,49.07777778
senpai,89,65.4494382
shop,89,86.5505618
saturn,89,65.50561798
bomb,89,52.62921348
pillow,89,85.25842697
skateboard,89,73.56179775
tribal,89,180.258427
henna,89,47.65168539
rainbows,89,60.6741573
___,89,135.7977528
travel,88,75.31818182
cowboy,88,80.05681818
drinks,88,81.13636364
crush,88,67.19318182
son,88,100.2386364
spaceship,88,73.77272727
bisexual,88,52.21590909
kawai,88,86.85227273
picture,88,152.9090909
supre,88,10.13636364
model,88,193.0454545
yum,88,67.09090909
gem,88,96.84090909
wet,87,49.35632184
workout,87,55.62068966
turquoise,87,174.8735632
video,87,121.2873563
live,87,67.37931034
dripping,87,62.67816092
middle,136,38.552076
lilpeep,87,64.44827586
musica,87,99.16091954
door,87,97.94252874
wall,86,81.38372093
uni,86,45.77906977
mean,86,36.11627907
basic,86,45.96511628
shimmer,86,42.6627907
trill,85,45.84705882
gangster,85,42.75294118
women,85,90.97647059
hanging,85,145.8823529
acid,85,37.63529412
perfect,85,57.61176471
donuts,85,88.01176471
bendy,85,100.1294118
8,85,49.56470588
brat,85,35.88235294
cartoons,84,137.25
yes,84,82.04761905
illuminati,84,68.20238095
ha,84,75.72619048
watch,84,51.76190476
sushi,84,95.51190476
rolex,84,22.23809524
twenty,83,77.24096386
frog,83,87.09638554
tropical,83,92.53012048
bandaid,83,50.06024096
taco,83,39.91566265
dj,83,107.8674699
shoe,83,86.97590361
infinity,83,104.9036145
llama,83,42.62650602
halsey,83,90.51807229
marble,83,77.86746988
help,83,56.08433735
ombre,83,57.28915663
belt,82,53.23170732
9,82,71.3902439
crow,82,83.8902439
boi,82,38.92682927
corn,82,50.06097561
sasuke,82,103.2439024
play,82,94.48780488
rocket,82,50.2804878
cow,82,82.6097561
prince,82,93.36585366
couples,82,53.20731707
treeoflife,82,63.86585366
feminist,82,92.20731707
ladybug,82,100.4390244
potato,82,45.34146341
corner,81,120
oof,81,53.58024691
turtle,81,56.62962963
pow,81,39.33333333
heathers,81,79.71604938
soda,81,78.17283951
colorful,80,253.6125
pirate,80,77.725
bows,80,55.3125
rope,80,96.5125
bride,80,500
shane,80,41.85
booty,80,49.3375
hello,80,84.8
vs,80,29.8625
dbz,80,97.6125
alice,80,122.25
ear,80,77.1875
jojo,79,75.15189873
lov,79,38.30379747
boss,79,57.01265823
finger,79,75.78481013
7,79,62.16455696
bat,79,90.81012658
suprem,79,11.62025316
silhouette,79,264.3924051
tha,79,19.97468354
frozen,79,117.3797468
fortnite,79,17.69620253
bag,79,118.0379747
december,79,35.18987342
hitler,79,44.16455696
candycane,78,19.05128205
math,78,30.35897436
earrings,78,72.32051282
brand,78,83.1025641
lentes,78,63.96153846
fries,77,36.19480519
whydontwe,77,93.48051948
road,77,129.9090909
falling,77,94.66233766
squishy,77,76.41558442
sadness,77,89.8961039
bloody,117,98.10438312
legs,77,59.14285714
meow,77,63.54545455
piercings,77,19.68831169
christ,77,35.51948052
jordans,76,22.03947368
waterfall,76,55.36842105
rec,76,28.77631579
fake,76,35.06578947
astronaut,76,148.6973684
0.465972222222222,76,55.19736842
hell,76,59.53947368
game,76,195.5921053
pen,76,47.61842105
natsu,76,90.21052632
marvel,76,127.6710526
cora,76,81.52631579
garland,76,49.25
bar,76,77.52631579
borders,76,46.92105263
drippy,76,23.67105263
eagle,76,103.6842105
mel,76,68.10526316
cookie,76,89.03947368
alcohol,76,114.4473684
70s,75,20.62666667
sharingan,75,44.29333333
fiji,75,32.08
glue,75,20.33333333
playboy,75,36.09333333
damn,75,40.02666667
moana,75,77.94666667
kids,75,107.2533333
chef,75,82.05333333
reminder,74,125.7027027
ins,74,14.43243243
bowtie,74,46.04054054
internet,74,120.3648649
2018,74,34.41891892
explicit,74,17.2972973
babyboy,74,47.44594595
hug,74,88.13513514
follow,74,101.8243243
number,74,74.16216216
aura,74,33.21621622
tur,74,32.56756757
septum,73,15.2739726
purse,73,93.61643836
80,73,40.61643836
sombrero,73,70.73972603
clown,73,66.78082192
converse,73,57.4109589
magazine,73,56.06849315
corbyn,73,27.08219178
lisa,73,59.10958904
lost,72,57.91666667
likes,72,53.84722222
pill,72,96.29166667
chains,72,31.06944444
wink,72,50.81944444
toys,72,58.34722222
cookies,72,70.125
sailormoon,72,133.0972222
rat,72,50.70833333
thot,72,28.63888889
earing,72,36.72222222
pearl,72,78.54166667
macbook,71,20.54929577
redhearts,71,16.50704225
tail,71,109.1690141
soft,71,54.66197183
jughead,71,48.18309859
peppermint,71,12.47887324
laughing,71,38.04225352
st,71,51.87323944
swirls,70,50.58571429
gothic,70,144.7142857
pray,70,56.14285714
fight,70,82.67142857
steam,70,50.64285714
wood,70,97.12857143
beyonce,70,75.32857143
__,70,65.32857143
geometric,70,93.21428571
triggered,70,28.55714286
mushroom,69,80.27536232
comment,69,49.42028986
chr,69,29.97101449
dollar,69,62.62318841
fat,69,44.57971014
shook,69,36.7826087
nirvana,69,59.46376812
?,8986,77.70557833
pug,69,62.84057971
helmet,69,226.2463768
high,69,70.49275362
tupac,69,28.04347826
broke,69,44.08695652
su,69,57.89855072
jail,69,48.95652174
bike,68,100.1764706
liza,68,51.33823529
rocks,68,66.98529412
work,68,70.98529412
nicki,68,56.72058824
marco,68,163.9264706
rings,68,49.41176471
estrellas,68,113.0735294
tie,68,78.63235294
gradient,68,117.0735294
harry,68,92.35294118
highlighter,68,9.5
bats,67,54.10447761
raven,67,82.29850746
zayn,67,135.8955224
alas,67,157.119403
bratz,67,18.20895522
kawii,67,68.50746269
chocker,67,19.8358209
versace,67,28.8358209
windows,67,88.65671642
snoopy,67,75.52238806
cup,67,82.95522388
splatter,67,87.31343284
stich,67,116.8358209
emoj,67,22.31343284
sims,67,77.14925373
bestfriends,67,62.95522388
basket,67,43.79104478
yaoi,67,157.9552239
squad,67,108.3731343
whatever,66,62.10606061
ricegum,66,23.68181818
uzi,66,29.13636364
dva,66,65.34848485
sunday,66,44.84848485
pola,66,11.37878788
friday,66,68.74242424
lambo,66,23.07575758
lamp,66,183.2727273
rugrats,66,21.84848485
mist,66,47.15151515
point,65,56.09230769
grinch,65,8.169230769
lick,65,70.47692308
mommy,65,63.36923077
pur,65,14.30769231
scars,65,21.46153846
writing,65,104.7230769
fetus,65,32.35384615
nazi,65,26.23076923
sand,65,67.47692308
sponge,65,48.89230769
street,65,65.46153846
chips,65,44.27692308
mcr,65,78.07692308
dragonball,65,131.6307692
neko,64,181.28125
cancer,64,56.34375
mcm,64,19.765625
paws,64,41.75
fairytail,64,315.546875
dancer,64,142.5
mother,64,83.25
war,64,69.890625
will,64,46.625
editing,64,82.3125
xx,64,56.828125
pop,64,63.703125
string,64,71
plate,64,67.203125
feminism,64,64.125
turk,63,35.92063492
abstract,63,145.4126984
mexican,63,53.26984127
boom,63,52.49206349
minions,63,106.984127
chrismas,63,3.428571429
afro,63,35.06349206
back,63,85.76190476
soap,63,76.53968254
mascara,63,76.34920635
of,63,31.03174603
polo,63,46.77777778
gamer,62,71.32258065
thicc,62,33.01612903
tum,62,18.09677419
logang,62,54.11290323
shiny,62,55.80645161
succulent,62,87.88709677
korea,62,119.983871
gliter,62,22.12903226
naughty,62,28.24193548
home,62,146.8709677
tvd,62,68.98387097
christm,62,39.5
faces,62,75.5483871
leave,62,81.64516129
click,62,51.75806452
lavender,62,59.20967742
sprinkles,62,110.4354839
pregnancy,62,47.09677419
tounge,61,24.08196721
yoonmin,61,143.0491803
trans,61,33.72131148
phora,61,16.91803279
twins,61,103.8852459
maverick,61,33.91803279
demi,61,75.80327869
bath,61,56.26229508
stocking,61,13.75409836
pansexual,61,34.95081967
positive,61,49.6557377
bees,61,38.52459016
z,60,129.35
bleach,60,43.18333333
cr,60,25.21666667
haha,60,55.56666667
tattos,60,12.43333333
doll,60,84.66666667
yummy,60,118.0166667
soundcloud,60,16.58333333
robot,60,104.5666667
bokeh,60,36.78333333
sports,60,106.7833333
idc,60,51.5
happiness,60,67.03333333
18,60,60.25
clear,60,208.1
welcome,60,55.4
eggplant,60,14.85
justin,92,53.53125
jungle,60,103.4833333
sike,60,14.2
peachy,60,39.95
pentagram,60,40
zoo,60,168.4333333
luna,59,159.3559322
cold,59,75.20338983
loki,59,57.76271186
sleepy,59,62.49152542
sniper,59,36.93220339
teddy,59,68.10169492
pearls,59,44.89830508
mu,59,57.54237288
stitches,59,19.86440678
elmo,59,39.72881356
firework,59,55.01694915
vibe,59,41.30508475
wound,59,45.11864407
pacifier,59,29.71186441
boo,58,46.05172414
ethandolan,58,99.5862069
corgi,58,44.74137931
blank,58,131.637931
kinky,58,22.62068966
selfie,58,72.03448276
aest,58,32.10344828
angle,58,34.46551724
psycho,58,85.15517241
anxiety,58,30.24137931
xd,58,137.0517241
why,58,68.87931034
saying,57,127.0701754
warning,57,90.43859649
kodak,57,21.59649123
luxury,57,193.0877193
glock,57,15.64912281
bffs,57,56.03508772
spotlight,57,82.89473684
science,57,216.5614035
but,57,60.57894737
superme,57,18.28070175
cocaine,57,23.05263158
palm,57,41.49122807
posh,57,53.07017544
chucky,57,44.38596491
___,57,106.754386
scream,57,57.77192982
popular,57,70.29824561
pilgrim,57,6.157894737
block,57,33.14035088
perfume,57,85.94736842
superhero,57,102.6315789
splat,57,100.2982456
homestuck,57,88.80701754
rapper,57,79.19298246
subs,57,13.01754386
bible,57,43.80701754
eagles,57,27.96491228
months,56,28.91071429
indie,56,51.26785714
sparks,56,19.44642857
hood,56,73
bread,56,79.16071429
nasa,56,55.08928571
furry,56,74.55357143
rilakkuma,56,94.39285714
caution,56,92.66071429
doge,56,55.875
purp,56,15.78571429
vogue,56,34.46428571
bouquet,56,329.6964286
toy,55,110.9636364
liquor,55,96.92727273
good,55,76.67272727
nope,55,64.74545455
coke,55,36.45454545
married,55,40.74545455
fl,55,25.89090909
gaming,55,74.41818182
feliz,55,126.3272727
mochi,55,102.7636364
cards,55,68.49090909
icecream,55,63.30909091
blonde,55,75.65454545
nerd,55,54.01818182
penguin,55,69.32727273
kid,55,116.6363636
tatt,55,15.74545455
avatar,55,80.98181818
guy,55,77.54545455
minion,55,88.21818182
heartbeat,55,52.63636364
nintendo,55,84.89090909
adventure,55,138.0545455
miss,55,63.03636364
kookie,55,311.5818182
vegeta,55,80.96363636
monarch,55,39.41818182
cheese,55,65.8
divider,54,54.72222222
doctor,54,70.51851852
lmao,54,66.38888889
burgundy,54,13.5
mariposas,54,152.8518519
kms,54,52.98148148
cyber,54,34.37037037
drop,54,160.6296296
dreads,54,13.24074074
mileven,54,19.7037037
noah,54,30.22222222
2k,54,39.25925926
key,54,70.92592593
pot,54,57.72222222
ps4,54,53.16666667
kakashi,54,82.03703704
shirts,54,34.55555556
masks,53,88.88679245
checkered,53,24.8490566
cowboys,53,27.26415094
geometry,53,152.4339623
wand,53,36.8490566
ramen,53,30.64150943
lash,53,25.09433962
thick,53,28.9245283
hippy,53,49.62264151
bored,53,56.54716981
as,53,43.96226415
rudolph,53,13.50943396
yandere,53,114.3207547
strong,53,102.5471698
sitting,53,104.9433962
blushing,53,28.73584906
laptop,53,66.18867925
powerpuff,53,25.11320755
tu,52,120
couch,52,33.46153846
pistol,52,49.23076923
taylor,52,63.36538462
satanic,52,37.05769231
swing,52,95.38461538
stick,52,62.63461538
coco,52,51.36538462
eyeball,52,105.9038462
gangsta,52,78.53846154
relax,52,70.26923077
new,52,59.55769231
starwars,52,107.25
shorts,52,54.84615385
horses,52,55.78846154
___,52,119.5
plus,52,30.51923077
umbrella,52,145.8846154
scared,51,60.19607843
artsy,51,58.29411765
tøp,51,75.66666667
bullets,51,11.88235294
simple,51,98.78431373
train,51,82.01960784
bells,51,24.09803922
___,51,42.11764706
alphabet,51,130.6862745
nfl,51,67.94117647
ae,51,26.54901961
seokjin,51,106.0784314
messi,51,81.94117647
cooking,51,80.74509804
coffe,51,73.25490196
and,51,179.6470588
than,51,32.2745098
lazer,51,12.8627451
sing,51,45.25490196
gross,51,24.21568627
lsd,51,31.88235294
fedora,51,57.17647059
xbox,50,35.68
seashell,50,164.14
marinette,50,101
disco,50,125.54
vase,50,105.46
ariel,50,93.44
asian,50,72.26
adorable,50,90.54
painting,50,158.06
lollipop,50,71.08
eat,50,103.4
rabbit,50,164.42
papi,50,42.86
graduation,50,106.02
brillo,50,70.1
nct,50,201.02
pine,50,40.16
poloroid,50,25.98
volleyball,50,47.32
fruits,49,102.9387755
bestie,49,47.40816327
cape,49,53.55102041
rosa,49,187.2857143
prettymuch,49,20.69387755
killer,49,74.40816327
saturday,49,46.24489796
mcdonalds,49,53.3877551
melting,49,93.3877551
cam,49,45.89795918
cuts,49,9.693877551
zodiac,49,123.877551
bitc,49,25.3877551
letter,49,105.6326531
heels,49,59.71428571
callout,49,67.42857143
joji,49,37.75510204
happybirthday,49,151.1020408
gingerbread,49,35.02040816
candles,49,54.63265306
yoga,48,118.0416667
anchor,48,80.70833333
oops,48,39.9375
danganronpa,48,141.8541667
vlone,48,13.1875
______,48,132.75
sehun,48,134.3958333
squirrel,48,35.625
sailor,48,74.14583333
stoner,48,53.64583333
hey,48,36.29166667
peaches,48,25.33333333
morty,48,67.33333333
poppy,48,63.75
blurry,48,27.3125
gloss,48,26.33333333
landscape,48,117.0833333
gems,48,47.25
flamingo,47,125.8723404
wattpad,47,98.9787234
pix,47,56.14893617
fishing,47,61.9787234
decor,47,110.2978723
yello,47,20.76595745
sold,47,9.531914894
feet,47,68.53191489
drunk,47,37.19148936
bell,47,69.9787234
ojos,47,96.19148936
make,47,118.2340426
lock,47,78.80851064
dolantwins,47,104
him,47,52.36170213
ninja,47,95.55319149
winner,47,66.31914894
sparkl,47,32.72340426
tacos,47,49.91489362
shy,47,50.70212766
hears,46,8.847826087
walking,46,43.34782609
wild,46,116.9347826
think,46,43.32608696
homer,46,68.95652174
mushrooms,46,50.63043478
congrats,46,21.76086957
soul,46,71.97826087
motivation,46,116.8478261
grapes,46,44.45652174
raindeer,46,13.2826087
ch,46,36.08695652
tessa,46,38.58695652
puppies,46,64.2173913
run,46,84.19565217
advisory,46,21.41304348
kakao,46,44.7173913
pavo,46,12.95652174
sleeping,46,80.32608696
ho,46,45.2826087
babies,46,74.89130435
lighter,46,37.73913043
chat,46,115.7173913
kaneki,46,103.1956522
sarcasm,46,47.52173913
brothers,46,56.93478261
designs,46,36.39130435
la,46,91.41304348
socks,46,38.60869565
dantdm,46,51.41304348
stud,45,20.44444444
obey,45,28.22222222
siblings,45,40.28888889
lego,45,87.73333333
trust,45,32.2
stupid,45,65.57777778
celebration,45,106.6
panic,45,50.88888889
trip,45,87.64444444
tokyo,45,77.57777778
mac,45,47
eggo,45,8.111111111
fob,45,59.46666667
sleigh,45,4.822222222
dizzy,45,5.955555556
__,45,352.7777778
21,45,58.13333333
skin,45,52.62222222
mercy,45,72.28888889
we,45,52.44444444
grandma,44,51.86363636
cover,44,89.63636364
fade,44,38.38636364
bone,44,104.3181818
okay,44,68.09090909
sketch,44,96.84090909
sadgirl,44,85.38636364
blossom,44,68.54545455
scene,44,57.04545455
surprise,44,75.54545455
romantic,44,500
anti,44,67.34090909
avocado,44,51.47727273
hope,44,79.13636364
contacts,44,18.93181818
arms,44,70.43181818
skye,44,37.45454545
farm,44,64.65909091
totoro,44,99.93181818
constellation,44,99.34090909
electricity,44,119.1363636
snakes,44,66.13636364
jack,87,70.32531712
snowing,44,23.65909091
logic,44,27.59090909
vlog,44,35.06818182
gala,44,21.02272727
trophy,44,45.13636364
pole,44,29.65909091
outlines,44,116.75
piano,44,68.20454545
musical,44,68.45454545
flying,44,190.1136364
boba,44,27.22727273
bench,44,40.54545455
template,43,184.1627907
burger,43,36.74418605
pumpkins,43,77.51162791
stardust,43,35.6744186
waffle,43,42.58139535
gudetama,43,57.30232558
lady,43,144.627907
royal,43,72.46511628
gobble,43,4.441860465
loading,43,54.3255814
scissors,43,38.11627907
amino,43,98.58139535
rich,43,66.41860465
barber,43,56.41860465
eggs,43,56.93023256
notebook,43,55.39534884
harts,43,27.46511628
di,43,32.97674419
jacksepticeye,43,79.44186047
weight,43,48.90697674
yas,43,39.06976744
ship,43,75.86046512
humo,43,76.90697674
mail,43,62.1627907
darkness,43,69.90697674
nasty,43,27.72093023
metal,43,95.37209302
levi,43,98.86046512
troll,43,45
brush,43,142.6046512
portal,42,57.33333333
pooh,42,95.16666667
oppa,42,88.30952381
lightening,42,28.85714286
bruh,42,31.11904762
wcw,42,18.38095238
breakfast,42,124.6428571
fist,42,63.57142857
hibiscus,42,60.61904762
spa,42,44.23809524
ak,42,35.66666667
contour,42,57.54761905
fence,42,70.52380952
shell,42,117.3809524
one,42,46.83333333
draco,42,28.92857143
moons,42,72.07142857
moonlight,42,117.452381
spotify,42,25.02380952
kink,42,76.47619048
sta,42,14.64285714
earings,42,33.04761905
super,42,122.8809524
backpack,42,60.57142857
skittles,42,31.47619048
giraffe,42,52.21428571
notes,42,66.66666667
label,42,229.9047619
supergirl,42,54.61904762
bones,42,62.92857143
tinkerbell,42,57.04761905
pi,42,22.71428571
fam,42,39.21428571
island,42,88.0952381
cheek,41,16.36585366
woods,41,50.68292683
fail,41,49.97560976
old,41,74.46341463
derp,41,51.56097561
lipsense,41,20.3902439
board,41,75.70731707
jewels,41,32.56097561
tan,41,49.82926829
se,41,73.14634146
shawn,41,95.68292683
lucas,41,45.65853659
pinkhearts,41,21.17073171
top,41,109.9756098
fabric,41,306.7073171
dora,41,25.73170732
bla,41,39.7804878
woozi,41,74.46341463
radio,41,63.26829268
dna,41,62.31707317
wavy,41,22.31707317
futuristic,41,500
lotus,41,92.04878049
dancing,41,66.70731707
font,41,157.8292683
dirt,41,25.24390244
teardrop,41,19.3902439
música,41,500
morning,41,69.41463415
aries,40,47.1
boob,40,16.025
social,40,63.15
10,40,59.95
demons,40,40.5
miraculous,40,133.375
jacob,40,72.35
strawberries,40,38.95
asap,40,23.375
pitbull,40,43.45
butterfl,40,14.225
news,40,51.475
magical,40,91.35
wendy,40,75.125
sans,40,99.35
mackenzie,40,45.725
floor,40,40.725
lightbulb,40,45.2
globo,40,243.7
sweatshirt,40,32
royalty,40,98.6
arcoiris,40,81.025
champion,40,48.275
jacobsartorius,40,169.8
dan,40,60.5
vodka,40,44.6
surf,40,58
notification,40,57.525
logos,40,68.925
awesome,40,92.225
boca,40,278.375
tuesday,40,37.9
fancy,40,71.775
neck,40,68.75
pool,40,63.225
hetalia,40,135.25
nurse,40,60.8
sprite,40,36.025
haters,40,38.3
zombies,40,45.325
genji,40,71.55
tooth,40,112.5
hamster,40,63
boho,40,47.325
designer,40,29.625
jake,39,109.4871795
ink,39,111.0769231
electric,39,47.48717949
boarder,39,23
bug,39,51.35897436
ivy,39,52.28205128
ruler,39,16.84615385
smok,39,27.66666667
fork,39,30.79487179
shocked,39,36.43589744
haikyuu,39,146.974359
greek,39,28.41025641
desert,39,91.41025641
flor,39,112.7948718
stage,39,108.3846154
itachi,39,51.71794872
backwoods,39,5.230769231
record,39,58.51282051
games,39,70.48717949
confused,39,45.76923077
diamon,39,22.84615385
doritos,39,33.28205128
single,39,67.58974359
stone,39,37.48717949
lazy,39,55.71794872
room,39,96.71794872
brows,39,29.17948718
bong,39,31.71794872
rims,38,33.78947368
round,38,90.10526316
nice,38,57.86842105
yugyeom,38,71.10526316
sloth,38,48.07894737
wolves,38,54.60526316
molang,38,44.81578947
drawings,38,54.21052632
bl,38,39.44736842
goodnight,38,56.26315789
wednesday,38,34.47368421
squidward,38,51.65789474
frost,38,63.13157895
crows,38,24.05263158
stamp,38,111.0789474
doves,38,18.55263158
snack,38,46.39473684
girlfriend,38,72.13157895
lake,38,77.92105263
western,38,17.84210526
alisha,38,31.68421053
lens,38,109.1578947
champagne,38,57
california,38,79.18421053
vacation,38,64.94736842
butterf,38,16.78947368
lolipop,38,46.36842105
scroll,38,37.36842105
future,38,81.07894737
pll,38,62.34210526
aqua,38,77.63157895
ba,38,41.13157895
rude,38,26.73684211
paren,38,14.71052632
lemonade,38,38.86842105
husband,37,38.43243243
li,37,35.18918919
pornhub,37,5.189189189
sunglass,37,40.81081081
cringe,37,37.56756757
twerk,37,19.67567568
silly,37,41.86486486
narwhal,37,46.72972973
goggles,37,81.08108108
sweets,37,153.7567568
definition,37,72.62162162
stairs,37,67.56756757
thanksgivin,37,30.89189189
ouch,37,28.32432432
q,37,35.64864865
bdsm,37,72.27027027
octopus,37,98.59459459
woah,37,36.64864865
brow,37,17.86486486
kyrie,37,24.97297297
laurex,37,26.2972973
over,37,54.48648649
father,37,73.08108108
surpreme,37,8.594594595
castiel,37,119.9459459
jellyfish,37,131.972973
musical.ly,37,53.64864865
river,37,63.18918919
starfish,37,87.51351351
fireplace,37,80.08108108
band,37,69.21621622
faith,37,69.45945946
bro,37,59.18918919
mind,37,93.37837838
taken,37,24.27027027
hockey,36,66.16666667
___,36,188.1111111
famous,36,74.66666667
bands,36,64.91666667
murder,36,33.38888889
hanzo,36,42.55555556
13,36,49.80555556
brokenheart,36,90.55555556
gbc,36,15.47222222
exercise,36,117.5833333
annoyed,36,29.72222222
secret,36,57.41666667
squares,36,24.33333333
recording,36,118
&,36,226.5
astro,36,87.05555556
memories,36,49.13888889
17,36,46.27777778
crowd,36,53.41666667
noodles,36,40.02777778
sheep,36,62.36111111
pantone,36,52.58333333
russia,36,91.80555556
issa,36,32.83333333
aurora,36,47.61111111
heartcrown,36,32.22222222
goddess,36,53.30555556
bowl,36,88.97222222
luces,36,113.7777778
texas,36,53.69444444
diva,36,59.16666667
nigga,36,68.13888889
strange,36,145.7777778
cristmas,36,24.27777778
paci,36,17.86111111
tutu,36,75.25
month,36,77.63888889
thoughts,36,41.88888889
autum,36,32.02777778
tomholland,36,130.0277778
outfit,36,97.58333333
camo,36,38.97222222
club,36,72.02777778
brendon,36,38.69444444
gif,36,37.97222222
sneakers,36,132.5
zebra,35,82.4
migos,35,17.97142857
doggo,35,73.22857143
button,35,53.25714286
shock,35,39.71428571
noose,35,9
tornado,35,29.17142857
stripe,35,89.94285714
ironman,35,73.45714286
th,35,23.2
talk,35,72.25714286
thor,35,43.25714286
bratayley,35,78.4
gohan,35,64.34285714
wish,35,78.74285714
bangtan,35,128.4857143
poptart,35,14.17142857
thread,35,309.2571429
gloves,35,134.7142857
cracks,35,17.62857143
vevo,35,12.08571429
lebron,35,27.91428571
undertale,35,136.5714286
max,35,49.71428571
freaky,35,16.34285714
lightsaber,35,26.2
cousins,35,29.85714286
mj,35,85.22857143
lipgloss,35,35.08571429
decoration,35,95.28571429
warriors,35,52.85714286
short,35,55.25714286
0,35,31.48571429
ga,35,36.85714286
bean,35,48.31428571
oh,35,72.51428571
pipe,35,39.11428571
steve,35,51.8
dic,35,13.08571429
idk,35,74.02857143
tana,35,47.2
woke,35,34.91428571
maddie,34,42.29411765
16,34,54.61764706
wonderland,34,93.58823529
raiders,34,25.64705882
country,34,110.0882353
church,34,83.76470588
cinderella,34,63.58823529
grain,34,23.08823529
_,34,318.5882353
ig,34,44.70588235
camila,34,51.20588235
jason,34,54.73529412
dice,34,56.55882353
logan,34,38.88235294
rockstar,34,49.23529412
handsome,34,75.02941176
jar,34,77.47058824
teacher,34,59.23529412
profile,34,104.4411765
arizona,34,48.94117647
psychedelic,34,93.23529412
mem,34,56.61764706
hungry,34,93.64705882
headphone,34,31.64705882
volume,34,53.41176471
grillz,34,20.58823529
vegan,34,38.52941176
happythanksgiving,34,44.61764706
underwater,34,136.7352941
unicornio,33,142.0606061
my,33,77.6969697
underline,33,6.939393939
beige,33,23.33333333
yikes,33,16.42424242
rice,33,45.6969697
re,33,29.54545455
brick,33,44.90909091
twd,33,144.4545455
tools,33,39.6969697
tulip,33,169.5454545
mars,33,29.33333333
pe,33,41.54545455
bacon,33,33.78787879
shameless,33,56.15151515
nickelodeon,33,38.36363636
popcorn,33,61.84848485
yout,33,6.363636364
takis,33,9.939393939
call,33,58.90909091
little,33,61.63636364
peony,33,90.75757576
wizard,33,60.63636364
grafitti,33,21.24242424
please,33,92.48484848
#,33,118.969697
butter,33,63.93939394
bal,33,47.96969697
mami,33,65.42424242
bitch,33,35.87878788
triangles,33,47.27272727
powder,33,45.36363636
map,33,56.66666667
beast,33,73.42424242
jikook,33,90.54545455
nyc,33,46.72727273
deku,33,41.39393939
an,33,44.63636364
spanish,32,29.09375
sadie,32,16.65625
movies,32,56.40625
19,32,38.28125
before,32,30.6875
raindrop,32,39.28125
melt,32,64.46875
ey,32,42.4375
golf,32,60.34375
fram,32,25.65625
dolls,32,85.3125
beam,32,20.15625
smart,32,68.5
battery,32,56.46875
ex,32,27.71875
eggos,32,9.96875
rin,32,88.15625
zelda,32,91.21875
15,32,54.09375
drool,32,13.875
steelers,32,30.1875
kissing,32,60.8125
husky,32,50.40625
flecha,32,46.21875
hulk,32,30.96875
grad,32,32.34375
promise,32,35.5625
dragons,32,55.21875
moustache,32,38.96875
monsters,32,62.375
spoon,32,53.03125
fine,32,47.125
youtubers,32,90.25
familia,32,144.125
gu,32,17.25
emo,32,35.46875
ma,32,80.90625
circus,32,147.53125
im,32,85.8125
twin,32,50.96875
accessories,32,61.09375
be,32,78.59375
fart,32,21.09375
gum,32,48.15625
truck,31,118.1612903
juice,31,108.6129032
sp,31,25.35483871
tri,31,29.48387097
sprout,31,35.4516129
__,31,88.70967742
compass,31,41.5483871
gas,31,66.4516129
fragile,31,11.58064516
eddie,31,43.74193548
mabel,31,107.6129032
child,31,168.7419355
off,31,67.48387097
ci,31,31.96774194
eevee,31,82.83870968
pyramid,31,77.16129032
yuri,31,64.51612903
suicideboys,31,13.70967742
pugs,31,33.06451613
simp,31,6.032258065
spirit,31,92.87096774
together,31,73.77419355
12,31,75.06451613
dreams,31,84.35483871
soldier,31,92.83870968
paradise,31,49.41935484
cotton,31,31.09677419
lilpump,31,50.5483871
garbage,31,59.5483871
gorgeous,31,59.09677419
egypt,31,56.67741935
tbh,31,32.16129032
kard,31,64.35483871
prison,31,29.64516129
lilac,31,36.61290323
marriage,31,153.8387097
creep,31,32.03225806
buildings,31,63.35483871
widowmaker,31,61.58064516
carrot,31,43.80645161
rainb,31,19.12903226
boné,31,180.3225806
numb,31,18.25806452
creative,31,74.32258065
mandela,31,17.35483871
ticket,30,77.26666667
rebel,30,53.4
drama,30,70.3
fit,30,79.13333333
balls,30,48.53333333
marina,30,46.53333333
fack,30,28.8
umbreon,30,42.36666667
ios,30,94.9
betty,30,57.43333333
aye,30,46.56666667
lime,30,62.16666667
faze,30,17.23333333
shadows,30,55.9
ahs,30,72.63333333
glowing,30,58.16666667
lolita,30,78.93333333
globe,30,59.86666667
bang,30,39.5
checker,30,10.16666667
goofy,30,38.56666667
rawr,30,30.1
lovely,30,70.83333333
bubblegum,30,74.36666667
note,30,177.7333333
pickle,30,25.43333333
galexy,30,23.33333333
petty,30,15.03333333
miku,30,134.7
freak,30,29.5
lovers,30,87.6
fairies,30,41.7
china,30,80.7
goldfish,30,84.93333333
cabello,30,117.0666667
cupcakes,30,58.86666667
attention,30,82.1
mustach,30,9.4
lucy,30,57.76666667
he,30,15.6
target,30,51.43333333
jdm,30,53.03333333
suicidal,30,29.96666667
woof,30,35.7
fidget,30,37.36666667
lava,29,44.68965517
nut,29,46.4137931
ra,29,18.68965517
phrases,29,58.86206897
luv,29,48.72413793
dirty,29,99.89655172
pony,29,101
cliff,29,22.82758621
bears,29,72.75862069
oreo,29,69.10344828
barba,29,91.55172414
wonderwoman,29,130
france,29,90.79310345
french,29,91.82758621
yolo,29,55.03448276